Accessibility	Consequence Type	Freq BIN	Sup Pop	Median Der Allele Count	Median Het Count	Median Hom Count	Median Site Count
Accessible	3_prime_UTR_variant	>5%	SAS	19984	12935	3538	16465
Accessible	3_prime_UTR_variant	>5%	EUR	19707	12671	3511	16191
Accessible	3_prime_UTR_variant	>5%	EAS	19904	11807.5	4046.5	15855
Accessible	3_prime_UTR_variant	>5%	AMR	19883	13020	3422	16483
Accessible	3_prime_UTR_variant	>5%	AFR	19397	13500	2941	16442
Accessible	3_prime_UTR_variant	0.5%-5%	SAS	1027	960	31	994
Accessible	3_prime_UTR_variant	0.5%-5%	EUR	1141	1077	32	1108
Accessible	3_prime_UTR_variant	0.5%-5%	EAS	846	778.5	32	812
Accessible	3_prime_UTR_variant	0.5%-5%	AMR	1305	1233	37	1266
Accessible	3_prime_UTR_variant	0.5%-5%	AFR	4652	4256	184	4453
Accessible	3_prime_UTR_variant	singleton-0.5%	SAS	509	493	6	501
Accessible	3_prime_UTR_variant	singleton-0.5%	EUR	359	352	4	356
Accessible	3_prime_UTR_variant	singleton-0.5%	EAS	427	417.5	4	422.5
Accessible	3_prime_UTR_variant	singleton-0.5%	AMR	378	368	3	372
Accessible	3_prime_UTR_variant	singleton-0.5%	AFR	1053	1038	8	1045
Accessible	3_prime_UTR_variant	singleton	SAS	134	132	1	133
Accessible	3_prime_UTR_variant	singleton	EUR	104	102	1	103
Accessible	3_prime_UTR_variant	singleton	EAS	137	135	1	136
Accessible	3_prime_UTR_variant	singleton	AMR	112	110	1	111
Accessible	3_prime_UTR_variant	singleton	AFR	135	133	1	134
Accessible	5_prime_UTR_variant	>5%	SAS	3806	2440	680	3125
Accessible	5_prime_UTR_variant	>5%	EUR	3753	2406	672	3080
Accessible	5_prime_UTR_variant	>5%	EAS	3814	2250	777.5	3034
Accessible	5_prime_UTR_variant	>5%	AMR	3786	2486	653	3131
Accessible	5_prime_UTR_variant	>5%	AFR	3655	2550	551	3102
Accessible	5_prime_UTR_variant	0.5%-5%	SAS	196	183	6	188
Accessible	5_prime_UTR_variant	0.5%-5%	EUR	220	208	6	213
Accessible	5_prime_UTR_variant	0.5%-5%	EAS	158	147	5	152
Accessible	5_prime_UTR_variant	0.5%-5%	AMR	251	240	7	245
Accessible	5_prime_UTR_variant	0.5%-5%	AFR	919	842	36	880
Accessible	5_prime_UTR_variant	singleton-0.5%	SAS	102	98	1	100
Accessible	5_prime_UTR_variant	singleton-0.5%	EUR	72	70	1	71
Accessible	5_prime_UTR_variant	singleton-0.5%	EAS	87	85	1	86
Accessible	5_prime_UTR_variant	singleton-0.5%	AMR	73	72	1	72
Accessible	5_prime_UTR_variant	singleton-0.5%	AFR	211	208	1	210
Accessible	5_prime_UTR_variant	singleton	SAS	29	27	1	28
Accessible	5_prime_UTR_variant	singleton	EUR	22	20	1	21
Accessible	5_prime_UTR_variant	singleton	EAS	28	26	1	27
Accessible	5_prime_UTR_variant	singleton	AMR	22	20	1	21
Accessible	5_prime_UTR_variant	singleton	AFR	29	27	1	28
Accessible	CLINVAR_clnsig=4	>5%	SAS	2	1	0	1
Accessible	CLINVAR_clnsig=4	>5%	EUR	3	1	1	2
Accessible	CLINVAR_clnsig=4	>5%	EAS	1	1	0	1
Accessible	CLINVAR_clnsig=4	>5%	AMR	2	1	0.5	2
Accessible	CLINVAR_clnsig=4	>5%	AFR	3	1	1	2
Accessible	CLINVAR_clnsig=4	0.5%-5%	SAS	0	0	0	0
Accessible	CLINVAR_clnsig=4	0.5%-5%	EUR	0	0	0	0
Accessible	CLINVAR_clnsig=4	0.5%-5%	EAS	0	0	0	0
Accessible	CLINVAR_clnsig=4	0.5%-5%	AMR	0	0	0	0
Accessible	CLINVAR_clnsig=4	0.5%-5%	AFR	0	0	0	0
Accessible	CLINVAR_clnsig=4	singleton-0.5%	SAS	0	0	0	0
Accessible	CLINVAR_clnsig=4	singleton-0.5%	EUR	0	0	0	0
Accessible	CLINVAR_clnsig=4	singleton-0.5%	EAS	0	0	0	0
Accessible	CLINVAR_clnsig=4	singleton-0.5%	AMR	0	0	0	0
Accessible	CLINVAR_clnsig=4	singleton-0.5%	AFR	0	0	0	0
Accessible	CLINVAR_clnsig=4	singleton	SAS	0	0	0	0
Accessible	CLINVAR_clnsig=4	singleton	EUR	0	0	0	0
Accessible	CLINVAR_clnsig=4	singleton	EAS	0	0	0	0
Accessible	CLINVAR_clnsig=4	singleton	AMR	0	0	0	0
Accessible	CLINVAR_clnsig=4	singleton	AFR	0	0	0	0
Accessible	CLINVAR_clnsig=5	>5%	SAS	25	15	5	20
Accessible	CLINVAR_clnsig=5	>5%	EUR	28	14	7	21
Accessible	CLINVAR_clnsig=5	>5%	EAS	25	14	6	19
Accessible	CLINVAR_clnsig=5	>5%	AMR	27	16	5	22
Accessible	CLINVAR_clnsig=5	>5%	AFR	25	13	6	19
Accessible	CLINVAR_clnsig=5	0.5%-5%	SAS	2	1	0	2
Accessible	CLINVAR_clnsig=5	0.5%-5%	EUR	3	2	0	2
Accessible	CLINVAR_clnsig=5	0.5%-5%	EAS	1	1	0	1
Accessible	CLINVAR_clnsig=5	0.5%-5%	AMR	2	2	0	2
Accessible	CLINVAR_clnsig=5	0.5%-5%	AFR	3	2	0	3
Accessible	CLINVAR_clnsig=5	singleton-0.5%	SAS	1	1	0	1
Accessible	CLINVAR_clnsig=5	singleton-0.5%	EUR	1	1	0	1
Accessible	CLINVAR_clnsig=5	singleton-0.5%	EAS	1	1	0	1
Accessible	CLINVAR_clnsig=5	singleton-0.5%	AMR	1	1	0	1
Accessible	CLINVAR_clnsig=5	singleton-0.5%	AFR	1	1	0	1
Accessible	CLINVAR_clnsig=5	singleton	SAS	0	0	0	0
Accessible	CLINVAR_clnsig=5	singleton	EUR	0	0	0	0
Accessible	CLINVAR_clnsig=5	singleton	EAS	0	0	0	0
Accessible	CLINVAR_clnsig=5	singleton	AMR	0	0	0	0
Accessible	CLINVAR_clnsig=5	singleton	AFR	0	0	0	0
Accessible	ctcf_insulator	>5%	SAS	45495	29261	8118	37378
Accessible	ctcf_insulator	>5%	EUR	44740	28655	8034	36683
Accessible	ctcf_insulator	>5%	EAS	45111.5	26817.5	9168	35967
Accessible	ctcf_insulator	>5%	AMR	45224	29550	7845	37362
Accessible	ctcf_insulator	>5%	AFR	44612	30872	6843	37732
Accessible	ctcf_insulator	0.5%-5%	SAS	1947	1821	58	1882
Accessible	ctcf_insulator	0.5%-5%	EUR	2113	1991	61	2053
Accessible	ctcf_insulator	0.5%-5%	EAS	1562.5	1446	58	1505
Accessible	ctcf_insulator	0.5%-5%	AMR	2451	2309	69	2381
Accessible	ctcf_insulator	0.5%-5%	AFR	9572	8753	390	9151
Accessible	ctcf_insulator	singleton-0.5%	SAS	899	872	11	885
Accessible	ctcf_insulator	singleton-0.5%	EUR	643	628	7	635
Accessible	ctcf_insulator	singleton-0.5%	EAS	759	743	7	751.5
Accessible	ctcf_insulator	singleton-0.5%	AMR	674	655	7	664
Accessible	ctcf_insulator	singleton-0.5%	AFR	1975	1933	19	1954
Accessible	ctcf_insulator	singleton	SAS	228	222	3	225
Accessible	ctcf_insulator	singleton	EUR	179	173	3	176
Accessible	ctcf_insulator	singleton	EAS	238	232	3	235
Accessible	ctcf_insulator	singleton	AMR	186	180	3	183
Accessible	ctcf_insulator	singleton	AFR	232	226	3	229
Accessible	distal_enhancer	>5%	SAS	44065	28479	7807	36281
Accessible	distal_enhancer	>5%	EUR	43362	27890	7726	35630
Accessible	distal_enhancer	>5%	EAS	43788	26110	8835	34939.5
Accessible	distal_enhancer	>5%	AMR	43742	28733	7530	36245
Accessible	distal_enhancer	>5%	AFR	42720	29818	6421	36273
Accessible	distal_enhancer	0.5%-5%	SAS	2003	1878	60	1940
Accessible	distal_enhancer	0.5%-5%	EUR	2181	2058	60	2120
Accessible	distal_enhancer	0.5%-5%	EAS	1679	1547	65	1611
Accessible	distal_enhancer	0.5%-5%	AMR	2572	2420	69	2486
Accessible	distal_enhancer	0.5%-5%	AFR	9766	8937	396	9347
Accessible	distal_enhancer	singleton-0.5%	SAS	936	913	10	924
Accessible	distal_enhancer	singleton-0.5%	EUR	680	664	7	673
Accessible	distal_enhancer	singleton-0.5%	EAS	808.5	791	8	800
Accessible	distal_enhancer	singleton-0.5%	AMR	711	697	7	705
Accessible	distal_enhancer	singleton-0.5%	AFR	2077	2038	19	2059
Accessible	distal_enhancer	singleton	SAS	248	242	3	245
Accessible	distal_enhancer	singleton	EUR	198	192	3	195
Accessible	distal_enhancer	singleton	EAS	257	251	3	254
Accessible	distal_enhancer	singleton	AMR	209	203	3	206
Accessible	distal_enhancer	singleton	AFR	254	248	3	251
Accessible	frameshift_variant	>5%	SAS	162	68	47	115
Accessible	frameshift_variant	>5%	EUR	156	65	45	110
Accessible	frameshift_variant	>5%	EAS	160	61	49	110
Accessible	frameshift_variant	>5%	AMR	157	65	46	110
Accessible	frameshift_variant	>5%	AFR	163	70	46	116
Accessible	frameshift_variant	0.5%-5%	SAS	11	8	1	9
Accessible	frameshift_variant	0.5%-5%	EUR	10	8	1	9
Accessible	frameshift_variant	0.5%-5%	EAS	9	6	1	8
Accessible	frameshift_variant	0.5%-5%	AMR	11	8	1	9
Accessible	frameshift_variant	0.5%-5%	AFR	29	24	2	26
Accessible	frameshift_variant	singleton-0.5%	SAS	42	4	19	23
Accessible	frameshift_variant	singleton-0.5%	EUR	42	3	19	22
Accessible	frameshift_variant	singleton-0.5%	EAS	42	4	19	23
Accessible	frameshift_variant	singleton-0.5%	AMR	41	3	19	22
Accessible	frameshift_variant	singleton-0.5%	AFR	46	8	19	27
Accessible	frameshift_variant	singleton	SAS	1	1	0	1
Accessible	frameshift_variant	singleton	AMR	1	1	0	1
Accessible	frameshift_variant	singleton	AFR	1	1	0	1
Accessible	frameshift_variant_aloft	>5%	SAS	105	49	28	77
Accessible	frameshift_variant_aloft	>5%	EUR	102	47	27	75
Accessible	frameshift_variant_aloft	>5%	EAS	103	42	30	72
Accessible	frameshift_variant_aloft	>5%	AMR	102	45	28	74
Accessible	frameshift_variant_aloft	>5%	AFR	105	51	27	78
Accessible	frameshift_variant_aloft	0.5%-5%	SAS	6	6	0	6
Accessible	frameshift_variant_aloft	0.5%-5%	EUR	6	6	0	6
Accessible	frameshift_variant_aloft	0.5%-5%	EAS	6	5	0	6
Accessible	frameshift_variant_aloft	0.5%-5%	AMR	7	6	0	6
Accessible	frameshift_variant_aloft	0.5%-5%	AFR	21	19	1	20
Accessible	frameshift_variant_aloft	singleton-0.5%	SAS	4	3	0	3
Accessible	frameshift_variant_aloft	singleton-0.5%	EUR	3	3	0	3
Accessible	frameshift_variant_aloft	singleton-0.5%	EAS	4	4	0	4
Accessible	frameshift_variant_aloft	singleton-0.5%	AMR	3	3	0	3
Accessible	frameshift_variant_aloft	singleton-0.5%	AFR	6	6	0	6
Accessible	frameshift_variant_aloft	singleton	SAS	0	0	0	0
Accessible	frameshift_variant_aloft	singleton	EUR	0	0	0	0
Accessible	frameshift_variant_aloft	singleton	EAS	0	0	0	0
Accessible	frameshift_variant_aloft	singleton	AMR	0	0	0	0
Accessible	frameshift_variant_aloft	singleton	AFR	0	0	0	0
Accessible	FunSeq_score>1.5	>5%	SAS	36071	23442	12662	29759
Accessible	FunSeq_score>1.5	>5%	EUR	35529	22937	12580	29236
Accessible	FunSeq_score>1.5	>5%	EAS	35777	21483	14304	28628
Accessible	FunSeq_score>1.5	>5%	AMR	35876	23654	12234	29748
Accessible	FunSeq_score>1.5	>5%	AFR	34933	24402	10486	29661
Accessible	FunSeq_score>1.5	0.5%-5%	SAS	1866	1712	144	1786
Accessible	FunSeq_score>1.5	0.5%-5%	EUR	2037	1886	144	1960
Accessible	FunSeq_score>1.5	0.5%-5%	EAS	1549	1399	152	1475
Accessible	FunSeq_score>1.5	0.5%-5%	AMR	2358	2212	154	2279
Accessible	FunSeq_score>1.5	0.5%-5%	AFR	8544	7785	708	8165
Accessible	FunSeq_score>1.5	singleton-0.5%	SAS	1040	872	160	955
Accessible	FunSeq_score>1.5	singleton-0.5%	EUR	776	623	152	699
Accessible	FunSeq_score>1.5	singleton-0.5%	EAS	899.5	745	156	822
Accessible	FunSeq_score>1.5	singleton-0.5%	AMR	811	651	154	731
Accessible	FunSeq_score>1.5	singleton-0.5%	AFR	2045	1875	170	1959
Accessible	FunSeq_score>1.5	singleton	SAS	629	235	394	432
Accessible	FunSeq_score>1.5	singleton	EUR	577	183	394	380
Accessible	FunSeq_score>1.5	singleton	EAS	638	244	394	441
Accessible	FunSeq_score>1.5	singleton	AMR	585	191	394	388
Accessible	FunSeq_score>1.5	singleton	AFR	633	239	394	436
Accessible	GWAS_3465	>5%	SAS	2937	1171	883	2052
Accessible	GWAS_3465	>5%	EUR	2909	1235	839	2069
Accessible	GWAS_3465	>5%	EAS	2920	1047	936	1983
Accessible	GWAS_3465	>5%	AMR	2928	1207	861	2061
Accessible	GWAS_3465	>5%	AFR	2979	1005	987	1993
Accessible	GWAS_3465	0.5%-5%	SAS	3	3	0	3
Accessible	GWAS_3465	0.5%-5%	EUR	10	9	0	10
Accessible	GWAS_3465	0.5%-5%	EAS	3	2	0	3
Accessible	GWAS_3465	0.5%-5%	AMR	7	6	0	7
Accessible	GWAS_3465	0.5%-5%	AFR	6	5	0	6
Accessible	GWAS_3465	singleton-0.5%	SAS	0	0	0	0
Accessible	GWAS_3465	singleton-0.5%	EUR	0	0	0	0
Accessible	GWAS_3465	singleton-0.5%	EAS	0	0	0	0
Accessible	GWAS_3465	singleton-0.5%	AMR	0	0	0	0
Accessible	GWAS_3465	singleton-0.5%	AFR	0	0	0	0
Accessible	GWAS_3465	singleton	SAS	0	0	0	0
Accessible	GWAS_3465	singleton	EUR	0	0	0	0
Accessible	GWAS_3465	singleton	EAS	0	0	0	0
Accessible	GWAS_3465	singleton	AMR	0	0	0	0
Accessible	GWAS_3465	singleton	AFR	0	0	0	0
Accessible	HGMD-DM	>5%	SAS	8	5	2	6
Accessible	HGMD-DM	>5%	EUR	8	4	2	6
Accessible	HGMD-DM	>5%	EAS	10	4	3	7
Accessible	HGMD-DM	>5%	AMR	8	4	2	6
Accessible	HGMD-DM	>5%	AFR	10	5	2	7
Accessible	HGMD-DM	0.5%-5%	SAS	6	5	0	5
Accessible	HGMD-DM	0.5%-5%	EUR	3	3	0	3
Accessible	HGMD-DM	0.5%-5%	EAS	3	3	0	3
Accessible	HGMD-DM	0.5%-5%	AMR	6	5	0	6
Accessible	HGMD-DM	0.5%-5%	AFR	9	9	0	9
Accessible	HGMD-DM	singleton-0.5%	SAS	5	5	0	5
Accessible	HGMD-DM	singleton-0.5%	EUR	7	7	0	7
Accessible	HGMD-DM	singleton-0.5%	EAS	4	4	0	4
Accessible	HGMD-DM	singleton-0.5%	AMR	5	5	0	5
Accessible	HGMD-DM	singleton-0.5%	AFR	4	4	0	4
Accessible	HGMD-DM	singleton	SAS	0	0	0	0
Accessible	HGMD-DM	singleton	EUR	1	1	0	1
Accessible	HGMD-DM	singleton	EAS	1	1	0	1
Accessible	HGMD-DM	singleton	AMR	0	0	0	0
Accessible	HGMD-DM	singleton	AFR	0	0	0	0
Accessible	inframe	>5%	SAS	226	101	62	163
Accessible	inframe	>5%	EUR	220	99	61	159
Accessible	inframe	>5%	EAS	224	93	65	159
Accessible	inframe	>5%	AMR	222	99	62	160
Accessible	inframe	>5%	AFR	224	96	63	160
Accessible	inframe	0.5%-5%	SAS	9	8	0	8
Accessible	inframe	0.5%-5%	EUR	9	8	0	8
Accessible	inframe	0.5%-5%	EAS	7	6.5	0	7
Accessible	inframe	0.5%-5%	AMR	11	10	0	11
Accessible	inframe	0.5%-5%	AFR	32	29	1	30
Accessible	inframe	singleton-0.5%	SAS	6	4	1	5
Accessible	inframe	singleton-0.5%	EUR	5	3	1	4
Accessible	inframe	singleton-0.5%	EAS	5	3	1	4
Accessible	inframe	singleton-0.5%	AMR	5	3	1	4
Accessible	inframe	singleton-0.5%	AFR	10	8	1	9
Accessible	inframe	singleton	AMR	1	1	0	1
Accessible	intergenic_variant	>5%	SAS	1069586	676796	196853	872985
Accessible	intergenic_variant	>5%	EUR	1052888	661441	195606	857181
Accessible	intergenic_variant	>5%	EAS	1066391	623209.5	221460.5	844891
Accessible	intergenic_variant	>5%	AMR	1064571	681727	191412	873536
Accessible	intergenic_variant	>5%	AFR	1040422	712672	163343	876443
Accessible	intergenic_variant	0.5%-5%	SAS	43046	40237	1296	41543
Accessible	intergenic_variant	0.5%-5%	EUR	46564	43909	1325	45220
Accessible	intergenic_variant	0.5%-5%	EAS	35199.5	32377	1397.5	33810
Accessible	intergenic_variant	0.5%-5%	AMR	53985	51324	1494	52635
Accessible	intergenic_variant	0.5%-5%	AFR	213818	195525	8915	204714
Accessible	intergenic_variant	singleton-0.5%	SAS	18938	18198	294	18519
Accessible	intergenic_variant	singleton-0.5%	EUR	13427	12997	206	13211
Accessible	intergenic_variant	singleton-0.5%	EAS	15830.5	15342.5	237	15584
Accessible	intergenic_variant	singleton-0.5%	AMR	14336	13769	217	14092
Accessible	intergenic_variant	singleton-0.5%	AFR	42840	41853	500	42380
Accessible	intergenic_variant	singleton	SAS	4730	4502	114	4616
Accessible	intergenic_variant	singleton	EUR	3846	3618	114	3732
Accessible	intergenic_variant	singleton	EAS	4901.5	4673.5	114	4787.5
Accessible	intergenic_variant	singleton	AMR	3988	3760	114	3874
Accessible	intergenic_variant	singleton	AFR	4847	4619	114	4733
Accessible	intron_variant	>5%	SAS	1399369	893114	253610	1146543
Accessible	intron_variant	>5%	EUR	1378098	873086	252627	1125835
Accessible	intron_variant	>5%	EAS	1389170.5	818825	285448.5	1103998.5
Accessible	intron_variant	>5%	AMR	1393753	899776	246596	1145879
Accessible	intron_variant	>5%	AFR	1364340	938412	212184	1150902
Accessible	intron_variant	0.5%-5%	SAS	60517	56707	1778	58486
Accessible	intron_variant	0.5%-5%	EUR	66414	62701	1862	64583
Accessible	intron_variant	0.5%-5%	EAS	50833	46767	1993	48791
Accessible	intron_variant	0.5%-5%	AMR	77624	73188	2122	75384
Accessible	intron_variant	0.5%-5%	AFR	298553	273248	12254	285791
Accessible	intron_variant	singleton-0.5%	SAS	28203	27253	411	27770
Accessible	intron_variant	singleton-0.5%	EUR	20084	19485	273	19785
Accessible	intron_variant	singleton-0.5%	EAS	23846	23118	327	23503.5
Accessible	intron_variant	singleton-0.5%	AMR	21201	20409	288	20689
Accessible	intron_variant	singleton-0.5%	AFR	62158	60914	631	61561
Accessible	intron_variant	singleton	SAS	7270	6908	181	7089
Accessible	intron_variant	singleton	EUR	5820	5458	181	5639
Accessible	intron_variant	singleton	EAS	7467	7105	181	7286
Accessible	intron_variant	singleton	AMR	6258	5896	181	6077
Accessible	intron_variant	singleton	AFR	7381	7019	181	7200
Accessible	Large_Deletion_NON_OVERLAP_GENE	>5%	SAS	355	192	81	273
Accessible	Large_Deletion_NON_OVERLAP_GENE	>5%	EUR	356	191	83	273
Accessible	Large_Deletion_NON_OVERLAP_GENE	>5%	EAS	359	178	90	268
Accessible	Large_Deletion_NON_OVERLAP_GENE	>5%	AMR	351	190	81	270
Accessible	Large_Deletion_NON_OVERLAP_GENE	>5%	AFR	300	176	62	238
Accessible	Large_Deletion_NON_OVERLAP_GENE	0.5%-5%	SAS	22	20	0	21
Accessible	Large_Deletion_NON_OVERLAP_GENE	0.5%-5%	EUR	23	22	0	22
Accessible	Large_Deletion_NON_OVERLAP_GENE	0.5%-5%	EAS	20	18	0	19
Accessible	Large_Deletion_NON_OVERLAP_GENE	0.5%-5%	AMR	26	24	0	25
Accessible	Large_Deletion_NON_OVERLAP_GENE	0.5%-5%	AFR	90	84	3	87
Accessible	Large_Deletion_NON_OVERLAP_GENE	singleton-0.5%	SAS	10	10	0	10
Accessible	Large_Deletion_NON_OVERLAP_GENE	singleton-0.5%	EUR	7	7	0	7
Accessible	Large_Deletion_NON_OVERLAP_GENE	singleton-0.5%	EAS	9	8	0	9
Accessible	Large_Deletion_NON_OVERLAP_GENE	singleton-0.5%	AMR	7	7	0	7
Accessible	Large_Deletion_NON_OVERLAP_GENE	singleton-0.5%	AFR	19	19	0	19
Accessible	Large_Deletion_NON_OVERLAP_GENE	singleton	SAS	2	2	0	2
Accessible	Large_Deletion_NON_OVERLAP_GENE	singleton	EUR	2	2	0	2
Accessible	Large_Deletion_NON_OVERLAP_GENE	singleton	EAS	2	2	0	2
Accessible	Large_Deletion_NON_OVERLAP_GENE	singleton	AMR	2	2	0	2
Accessible	Large_Deletion_NON_OVERLAP_GENE	singleton	AFR	2	2	0	2
Accessible	Large_Deletion_OVERLAP_GENE	>5%	SAS	483	262	110	373
Accessible	Large_Deletion_OVERLAP_GENE	>5%	EUR	478	254	111	366
Accessible	Large_Deletion_OVERLAP_GENE	>5%	EAS	496	247	124	372
Accessible	Large_Deletion_OVERLAP_GENE	>5%	AMR	479	263	108	369
Accessible	Large_Deletion_OVERLAP_GENE	>5%	AFR	431	258	86	344
Accessible	Large_Deletion_OVERLAP_GENE	0.5%-5%	SAS	32	29	1	31
Accessible	Large_Deletion_OVERLAP_GENE	0.5%-5%	EUR	36	34	1	35
Accessible	Large_Deletion_OVERLAP_GENE	0.5%-5%	EAS	34	32	1	33
Accessible	Large_Deletion_OVERLAP_GENE	0.5%-5%	AMR	43	40	1	41
Accessible	Large_Deletion_OVERLAP_GENE	0.5%-5%	AFR	138	127	5	133
Accessible	Large_Deletion_OVERLAP_GENE	singleton-0.5%	SAS	16	16	0	16
Accessible	Large_Deletion_OVERLAP_GENE	singleton-0.5%	EUR	13	13	0	13
Accessible	Large_Deletion_OVERLAP_GENE	singleton-0.5%	EAS	16	15.5	0	16
Accessible	Large_Deletion_OVERLAP_GENE	singleton-0.5%	AMR	12	12	0	12
Accessible	Large_Deletion_OVERLAP_GENE	singleton-0.5%	AFR	31	31	0	31
Accessible	Large_Deletion_OVERLAP_GENE	singleton	SAS	3	3	0	3
Accessible	Large_Deletion_OVERLAP_GENE	singleton	EUR	3	3	0	3
Accessible	Large_Deletion_OVERLAP_GENE	singleton	EAS	4	4	0	4
Accessible	Large_Deletion_OVERLAP_GENE	singleton	AMR	3	3	0	3
Accessible	Large_Deletion_OVERLAP_GENE	singleton	AFR	3	3	0	3
Accessible	mature_miRNA_variant	>5%	SAS	38	20	9	29
Accessible	mature_miRNA_variant	>5%	EUR	36	19	9	28
Accessible	mature_miRNA_variant	>5%	EAS	35	18	8	26
Accessible	mature_miRNA_variant	>5%	AMR	36	19	8	27
Accessible	mature_miRNA_variant	>5%	AFR	38	22	8	30
Accessible	mature_miRNA_variant	0.5%-5%	SAS	2	2	0	2
Accessible	mature_miRNA_variant	0.5%-5%	EUR	1	1	0	1
Accessible	mature_miRNA_variant	0.5%-5%	EAS	2	2	0	2
Accessible	mature_miRNA_variant	0.5%-5%	AMR	2	2	0	2
Accessible	mature_miRNA_variant	0.5%-5%	AFR	7	6	0	7
Accessible	mature_miRNA_variant	singleton-0.5%	SAS	1	1	0	1
Accessible	mature_miRNA_variant	singleton-0.5%	EUR	0	0	0	0
Accessible	mature_miRNA_variant	singleton-0.5%	EAS	0	0	0	0
Accessible	mature_miRNA_variant	singleton-0.5%	AMR	0	0	0	0
Accessible	mature_miRNA_variant	singleton-0.5%	AFR	1	1	0	1
Accessible	mature_miRNA_variant	singleton	SAS	0	0	0	0
Accessible	mature_miRNA_variant	singleton	EUR	0	0	0	0
Accessible	mature_miRNA_variant	singleton	EAS	0	0	0	0
Accessible	mature_miRNA_variant	singleton	AMR	0	0	0	0
Accessible	mature_miRNA_variant	singleton	AFR	0	0	0	0
Accessible	missense_variant	>5%	SAS	7025	4611	1208	5815
Accessible	missense_variant	>5%	EUR	6941	4563	1192	5751
Accessible	missense_variant	>5%	EAS	7094	4319	1386	5704.5
Accessible	missense_variant	>5%	AMR	7005	4669	1169	5841
Accessible	missense_variant	>5%	AFR	6558	4611	968	5587
Accessible	missense_variant	0.5%-5%	SAS	489	458	15	474
Accessible	missense_variant	0.5%-5%	EUR	574	541	15	557
Accessible	missense_variant	0.5%-5%	EAS	431	400	15	416
Accessible	missense_variant	0.5%-5%	AMR	641	607	18	622
Accessible	missense_variant	0.5%-5%	AFR	1851	1699	71	1774
Accessible	missense_variant	singleton-0.5%	SAS	336	327	3	332
Accessible	missense_variant	singleton-0.5%	EUR	254	250	1	252
Accessible	missense_variant	singleton-0.5%	EAS	293	288	2	291
Accessible	missense_variant	singleton-0.5%	AMR	262	257	2	260
Accessible	missense_variant	singleton-0.5%	AFR	562	552	4	556
Accessible	missense_variant	singleton	SAS	135	135	0	135
Accessible	missense_variant	singleton	EUR	110	110	0	110
Accessible	missense_variant	singleton	EAS	137	137	0	137
Accessible	missense_variant	singleton	AMR	115	115	0	115
Accessible	missense_variant	singleton	AFR	131	131	0	131
Accessible	PHOSPHORYLATION_evidence<=5	>5%	SAS	64	38	13	51
Accessible	PHOSPHORYLATION_evidence<=5	>5%	EUR	65	40	12	53
Accessible	PHOSPHORYLATION_evidence<=5	>5%	EAS	72	40	16	55
Accessible	PHOSPHORYLATION_evidence<=5	>5%	AMR	66	40	12	53
Accessible	PHOSPHORYLATION_evidence<=5	>5%	AFR	62	42	10	52
Accessible	PHOSPHORYLATION_evidence<=5	0.5%-5%	SAS	3	3	0	3
Accessible	PHOSPHORYLATION_evidence<=5	0.5%-5%	EUR	3	3	0	3
Accessible	PHOSPHORYLATION_evidence<=5	0.5%-5%	EAS	3	3	0	3
Accessible	PHOSPHORYLATION_evidence<=5	0.5%-5%	AMR	4	4	0	4
Accessible	PHOSPHORYLATION_evidence<=5	0.5%-5%	AFR	14	13	0	14
Accessible	PHOSPHORYLATION_evidence<=5	singleton-0.5%	SAS	2	2	0	2
Accessible	PHOSPHORYLATION_evidence<=5	singleton-0.5%	EUR	2	2	0	2
Accessible	PHOSPHORYLATION_evidence<=5	singleton-0.5%	EAS	2	2	0	2
Accessible	PHOSPHORYLATION_evidence<=5	singleton-0.5%	AMR	2	2	0	2
Accessible	PHOSPHORYLATION_evidence<=5	singleton-0.5%	AFR	4	4	0	4
Accessible	PHOSPHORYLATION_evidence<=5	singleton	SAS	1	1	0	1
Accessible	PHOSPHORYLATION_evidence<=5	singleton	EUR	1	1	0	1
Accessible	PHOSPHORYLATION_evidence<=5	singleton	EAS	1	1	0	1
Accessible	PHOSPHORYLATION_evidence<=5	singleton	AMR	1	1	0	1
Accessible	PHOSPHORYLATION_evidence<=5	singleton	AFR	1	1	0	1
Accessible	PHOSPHORYLATION_evidence>5	>5%	SAS	2	2	0	2
Accessible	PHOSPHORYLATION_evidence>5	>5%	EUR	1	1	0	1
Accessible	PHOSPHORYLATION_evidence>5	>5%	EAS	3	2	0	2
Accessible	PHOSPHORYLATION_evidence>5	>5%	AMR	2	2	0	2
Accessible	PHOSPHORYLATION_evidence>5	>5%	AFR	4	2	1	3
Accessible	PHOSPHORYLATION_evidence>5	0.5%-5%	SAS	1	1	0	1
Accessible	PHOSPHORYLATION_evidence>5	0.5%-5%	EUR	1	1	0	1
Accessible	PHOSPHORYLATION_evidence>5	0.5%-5%	EAS	1	1	0	1
Accessible	PHOSPHORYLATION_evidence>5	0.5%-5%	AMR	1	1	0	1
Accessible	PHOSPHORYLATION_evidence>5	0.5%-5%	AFR	2	2	0	2
Accessible	PHOSPHORYLATION_evidence>5	singleton-0.5%	SAS	1	1	0	1
Accessible	PHOSPHORYLATION_evidence>5	singleton-0.5%	EUR	1	1	0	1
Accessible	PHOSPHORYLATION_evidence>5	singleton-0.5%	EAS	1	1	0	1
Accessible	PHOSPHORYLATION_evidence>5	singleton-0.5%	AMR	1	1	0	1
Accessible	PHOSPHORYLATION_evidence>5	singleton-0.5%	AFR	1	1	0	1
Accessible	PHOSPHORYLATION_evidence>5	singleton	SAS	1	1	0	1
Accessible	PHOSPHORYLATION_evidence>5	singleton	EUR	1	1	0	1
Accessible	PHOSPHORYLATION_evidence>5	singleton	EAS	1	1	0	1
Accessible	PHOSPHORYLATION_evidence>5	singleton	AMR	1	1	0	1
Accessible	PHOSPHORYLATION_evidence>5	singleton	AFR	1	1	0	1
Accessible	promoter	>5%	SAS	63756	41069	11354	52414
Accessible	promoter	>5%	EUR	62682	40221	11247	51427
Accessible	promoter	>5%	EAS	63134.5	37408.5	12873	50273.5
Accessible	promoter	>5%	AMR	63461	41534	10971	52507
Accessible	promoter	>5%	AFR	61885	43087	9362	52483
Accessible	promoter	0.5%-5%	SAS	3141	2937	94	3041
Accessible	promoter	0.5%-5%	EUR	3503	3300	98	3403
Accessible	promoter	0.5%-5%	EAS	2592	2389.5	98	2490.5
Accessible	promoter	0.5%-5%	AMR	4039	3825	110	3914
Accessible	promoter	0.5%-5%	AFR	14682	13439	592	14060
Accessible	promoter	singleton-0.5%	SAS	1558	1505	20	1533
Accessible	promoter	singleton-0.5%	EUR	1099	1076	12	1088
Accessible	promoter	singleton-0.5%	EAS	1298	1266	15	1282.5
Accessible	promoter	singleton-0.5%	AMR	1122	1093	12	1105
Accessible	promoter	singleton-0.5%	AFR	3271	3212	29	3243
Accessible	promoter	singleton	SAS	416	396	10	406
Accessible	promoter	singleton	EUR	327	307	10	317
Accessible	promoter	singleton	EAS	420	400	10	410
Accessible	promoter	singleton	AMR	337	317	10	327
Accessible	promoter	singleton	AFR	422	402	10	412
Accessible	proximal_enhancer	>5%	SAS	193191	124479	34455	158820
Accessible	proximal_enhancer	>5%	EUR	189629	121482	34100	155570
Accessible	proximal_enhancer	>5%	EAS	191523	114047.5	38783	152781.5
Accessible	proximal_enhancer	>5%	AMR	191742	125057	33280	158398
Accessible	proximal_enhancer	>5%	AFR	187948	130110	28768	159031
Accessible	proximal_enhancer	0.5%-5%	SAS	8391	7876	245	8129
Accessible	proximal_enhancer	0.5%-5%	EUR	9275	8762	259	9013
Accessible	proximal_enhancer	0.5%-5%	EAS	7028	6458	275.5	6743.5
Accessible	proximal_enhancer	0.5%-5%	AMR	10815	10311	294	10566
Accessible	proximal_enhancer	0.5%-5%	AFR	41532	37899	1708	39734
Accessible	proximal_enhancer	singleton-0.5%	SAS	3974	3859	51	3915
Accessible	proximal_enhancer	singleton-0.5%	EUR	2844	2765	36	2803
Accessible	proximal_enhancer	singleton-0.5%	EAS	3381.5	3299.5	42	3341.5
Accessible	proximal_enhancer	singleton-0.5%	AMR	3018	2899	37	2940
Accessible	proximal_enhancer	singleton-0.5%	AFR	8703	8516	91	8597
Accessible	proximal_enhancer	singleton	SAS	1038	998	20	1018
Accessible	proximal_enhancer	singleton	EUR	824	784	20	804
Accessible	proximal_enhancer	singleton	EAS	1065	1025	20	1045
Accessible	proximal_enhancer	singleton	AMR	844	804	20	824
Accessible	proximal_enhancer	singleton	AFR	1048	1008	20	1028
Accessible	regulatory_region_variant	>5%	SAS	71196	45501	12860	58372
Accessible	regulatory_region_variant	>5%	EUR	69832	44517	12681	57154
Accessible	regulatory_region_variant	>5%	EAS	70851	41903	14475	56372
Accessible	regulatory_region_variant	>5%	AMR	70704	45866	12439	58256
Accessible	regulatory_region_variant	>5%	AFR	69710	47805	10905	58744
Accessible	regulatory_region_variant	0.5%-5%	SAS	2915	2733	86	2826
Accessible	regulatory_region_variant	0.5%-5%	EUR	3194	3004	91	3100
Accessible	regulatory_region_variant	0.5%-5%	EAS	2379	2190	92	2284.5
Accessible	regulatory_region_variant	0.5%-5%	AMR	3685	3510	101	3603
Accessible	regulatory_region_variant	0.5%-5%	AFR	14509	13257	598	13875
Accessible	regulatory_region_variant	singleton-0.5%	SAS	1318	1279	15	1298
Accessible	regulatory_region_variant	singleton-0.5%	EUR	942	917	11	929
Accessible	regulatory_region_variant	singleton-0.5%	EAS	1108.5	1081	13	1095.5
Accessible	regulatory_region_variant	singleton-0.5%	AMR	1013	978	12	995
Accessible	regulatory_region_variant	singleton-0.5%	AFR	2945	2890	28	2918
Accessible	regulatory_region_variant	singleton	SAS	332	322	5	327
Accessible	regulatory_region_variant	singleton	EUR	265	255	5	260
Accessible	regulatory_region_variant	singleton	EAS	348	338	5	343
Accessible	regulatory_region_variant	singleton	AMR	277	267	5	272
Accessible	regulatory_region_variant	singleton	AFR	342	332	5	337
Accessible	small_indel_all_NON_OVERLAP_GENE	>5%	SAS	258857	109910	73801	183719
Accessible	small_indel_all_NON_OVERLAP_GENE	>5%	EUR	254107	107692	72557	180253
Accessible	small_indel_all_NON_OVERLAP_GENE	>5%	EAS	262657.5	101776	79830	181585.5
Accessible	small_indel_all_NON_OVERLAP_GENE	>5%	AMR	257487	111041	72242	183167
Accessible	small_indel_all_NON_OVERLAP_GENE	>5%	AFR	261731	117134	71409	188525
Accessible	small_indel_all_NON_OVERLAP_GENE	0.5%-5%	SAS	5231	4038	586	4632
Accessible	small_indel_all_NON_OVERLAP_GENE	0.5%-5%	EUR	5333	4153	584	4744
Accessible	small_indel_all_NON_OVERLAP_GENE	0.5%-5%	EAS	4431	3229	595	3824.5
Accessible	small_indel_all_NON_OVERLAP_GENE	0.5%-5%	AMR	6133	4932	595	5560
Accessible	small_indel_all_NON_OVERLAP_GENE	0.5%-5%	AFR	22605	19761	1362	21181
Accessible	small_indel_all_NON_OVERLAP_GENE	singleton-0.5%	SAS	3127	1152	984	2136
Accessible	small_indel_all_NON_OVERLAP_GENE	singleton-0.5%	EUR	2799	837	980	1818
Accessible	small_indel_all_NON_OVERLAP_GENE	singleton-0.5%	EAS	2924	959.5	981	1942.5
Accessible	small_indel_all_NON_OVERLAP_GENE	singleton-0.5%	AMR	2881	922	980	1901
Accessible	small_indel_all_NON_OVERLAP_GENE	singleton-0.5%	AFR	5176	3182	996	4178
Accessible	small_indel_all_NON_OVERLAP_GENE	singleton	SAS	40	2	19	21
Accessible	small_indel_all_NON_OVERLAP_GENE	singleton	EUR	40	2	19	21
Accessible	small_indel_all_NON_OVERLAP_GENE	singleton	EAS	41	3	19	22
Accessible	small_indel_all_NON_OVERLAP_GENE	singleton	AMR	40	2	19	21
Accessible	small_indel_all_NON_OVERLAP_GENE	singleton	AFR	41	3	19	22
Accessible	small_indel_all_OVERLAP_GENE	>5%	SAS	452176	194296	127906	322024
Accessible	small_indel_all_OVERLAP_GENE	>5%	EUR	444591	190547	125924	316500
Accessible	small_indel_all_OVERLAP_GENE	>5%	EAS	457832	179618.5	137989.5	317675
Accessible	small_indel_all_OVERLAP_GENE	>5%	AMR	450527	195965	125597	321685
Accessible	small_indel_all_OVERLAP_GENE	>5%	AFR	462534	206781	126422	333245
Accessible	small_indel_all_OVERLAP_GENE	0.5%-5%	SAS	9786	7088	1335	8430
Accessible	small_indel_all_OVERLAP_GENE	0.5%-5%	EUR	10118	7426	1338	8772
Accessible	small_indel_all_OVERLAP_GENE	0.5%-5%	EAS	8563	5843.5	1355	7200.5
Accessible	small_indel_all_OVERLAP_GENE	0.5%-5%	AMR	11586	8856	1360	10207
Accessible	small_indel_all_OVERLAP_GENE	0.5%-5%	AFR	40110	34542	2691	37311
Accessible	small_indel_all_OVERLAP_GENE	singleton-0.5%	SAS	6820	2217	2296	4515
Accessible	small_indel_all_OVERLAP_GENE	singleton-0.5%	EUR	6195	1613	2290	3903
Accessible	small_indel_all_OVERLAP_GENE	singleton-0.5%	EAS	6406	1823	2291	4113.5
Accessible	small_indel_all_OVERLAP_GENE	singleton-0.5%	AMR	6286	1703	2290	3994
Accessible	small_indel_all_OVERLAP_GENE	singleton-0.5%	AFR	10443	5794	2320	8112
Accessible	small_indel_all_OVERLAP_GENE	singleton	SAS	78	6	36	42
Accessible	small_indel_all_OVERLAP_GENE	singleton	EUR	77	5	36	41
Accessible	small_indel_all_OVERLAP_GENE	singleton	EAS	79	7	36	43
Accessible	small_indel_all_OVERLAP_GENE	singleton	AMR	77	5	36	41
Accessible	small_indel_all_OVERLAP_GENE	singleton	AFR	78	6	36	42
Accessible	small_indel_filtered_NON_OVERLAP_GENE	>5%	SAS	258133	109408	73694	183087
Accessible	small_indel_filtered_NON_OVERLAP_GENE	>5%	EUR	253335	107155	72451	179592
Accessible	small_indel_filtered_NON_OVERLAP_GENE	>5%	EAS	261887	101252	79713.5	180940
Accessible	small_indel_filtered_NON_OVERLAP_GENE	>5%	AMR	256763	110571	72134	182575
Accessible	small_indel_filtered_NON_OVERLAP_GENE	>5%	AFR	261091	116641	71331	187975
Accessible	small_indel_filtered_NON_OVERLAP_GENE	0.5%-5%	SAS	5174	3982	583	4574
Accessible	small_indel_filtered_NON_OVERLAP_GENE	0.5%-5%	EUR	5271	4092	582	4676
Accessible	small_indel_filtered_NON_OVERLAP_GENE	0.5%-5%	EAS	4375	3180	592	3774
Accessible	small_indel_filtered_NON_OVERLAP_GENE	0.5%-5%	AMR	6077	4890	593	5504
Accessible	small_indel_filtered_NON_OVERLAP_GENE	0.5%-5%	AFR	22367	19556	1355	20960
Accessible	small_indel_filtered_NON_OVERLAP_GENE	singleton-0.5%	SAS	3109	1133	983	2118
Accessible	small_indel_filtered_NON_OVERLAP_GENE	singleton-0.5%	EUR	2784	823	980	1804
Accessible	small_indel_filtered_NON_OVERLAP_GENE	singleton-0.5%	EAS	2907.5	944	981	1925.5
Accessible	small_indel_filtered_NON_OVERLAP_GENE	singleton-0.5%	AMR	2867	908	980	1887
Accessible	small_indel_filtered_NON_OVERLAP_GENE	singleton-0.5%	AFR	5138	3143	996	4134
Accessible	small_indel_filtered_NON_OVERLAP_GENE	singleton	SAS	2	0	1	1
Accessible	small_indel_filtered_NON_OVERLAP_GENE	singleton	EUR	2	0	1	1
Accessible	small_indel_filtered_NON_OVERLAP_GENE	singleton	EAS	2	0	1	1
Accessible	small_indel_filtered_NON_OVERLAP_GENE	singleton	AMR	2	0	1	1
Accessible	small_indel_filtered_NON_OVERLAP_GENE	singleton	AFR	2	0	1	1
Accessible	small_indel_filtered_OVERLAP_GENE	>5%	SAS	450996	193588	127708	321103
Accessible	small_indel_filtered_OVERLAP_GENE	>5%	EUR	443348	189733	125732	315492
Accessible	small_indel_filtered_OVERLAP_GENE	>5%	EAS	456546	178771	137770	316606.5
Accessible	small_indel_filtered_OVERLAP_GENE	>5%	AMR	449368	195146	125399	320767
Accessible	small_indel_filtered_OVERLAP_GENE	>5%	AFR	461447	205996	126264	332349
Accessible	small_indel_filtered_OVERLAP_GENE	0.5%-5%	SAS	9706	7004	1338	8340
Accessible	small_indel_filtered_OVERLAP_GENE	0.5%-5%	EUR	10024	7332	1340	8670
Accessible	small_indel_filtered_OVERLAP_GENE	0.5%-5%	EAS	8477	5756.5	1357	7113.5
Accessible	small_indel_filtered_OVERLAP_GENE	0.5%-5%	AMR	11497	8758	1361	10129
Accessible	small_indel_filtered_OVERLAP_GENE	0.5%-5%	AFR	39759	34248	2684	36974
Accessible	small_indel_filtered_OVERLAP_GENE	singleton-0.5%	SAS	6779	2186	2290	4477
Accessible	small_indel_filtered_OVERLAP_GENE	singleton-0.5%	EUR	6152	1585	2283	3869
Accessible	small_indel_filtered_OVERLAP_GENE	singleton-0.5%	EAS	6365	1793.5	2284	4078.5
Accessible	small_indel_filtered_OVERLAP_GENE	singleton-0.5%	AMR	6250	1668	2284	3959
Accessible	small_indel_filtered_OVERLAP_GENE	singleton-0.5%	AFR	10358	5735	2313	8039
Accessible	small_indel_filtered_OVERLAP_GENE	singleton	SAS	18	0	9	9
Accessible	small_indel_filtered_OVERLAP_GENE	singleton	EUR	18	0	9	9
Accessible	small_indel_filtered_OVERLAP_GENE	singleton	EAS	19	1	9	10
Accessible	small_indel_filtered_OVERLAP_GENE	singleton	AMR	18	0	9	9
Accessible	small_indel_filtered_OVERLAP_GENE	singleton	AFR	19	1	9	10
Accessible	splice_acceptor_variant	>5%	SAS	2	1	1	2
Accessible	splice_acceptor_variant	>5%	EUR	3	1	1	2
Accessible	splice_acceptor_variant	>5%	EAS	2	0	1	1
Accessible	splice_acceptor_variant	>5%	AMR	2	1	1	2
Accessible	splice_acceptor_variant	>5%	AFR	1	1	0	1
Accessible	splice_acceptor_variant	0.5%-5%	SAS	0	0	0	0
Accessible	splice_acceptor_variant	0.5%-5%	EUR	0	0	0	0
Accessible	splice_acceptor_variant	0.5%-5%	EAS	0	0	0	0
Accessible	splice_acceptor_variant	0.5%-5%	AMR	0	0	0	0
Accessible	splice_acceptor_variant	0.5%-5%	AFR	0	0	0	0
Accessible	splice_acceptor_variant	singleton-0.5%	SAS	0	0	0	0
Accessible	splice_acceptor_variant	singleton-0.5%	EUR	0	0	0	0
Accessible	splice_acceptor_variant	singleton-0.5%	EAS	0	0	0	0
Accessible	splice_acceptor_variant	singleton-0.5%	AMR	0	0	0	0
Accessible	splice_acceptor_variant	singleton-0.5%	AFR	0	0	0	0
Accessible	splice_acceptor_variant	singleton	SAS	0	0	0	0
Accessible	splice_acceptor_variant	singleton	EUR	0	0	0	0
Accessible	splice_acceptor_variant	singleton	EAS	0	0	0	0
Accessible	splice_acceptor_variant	singleton	AMR	0	0	0	0
Accessible	splice_acceptor_variant	singleton	AFR	0	0	0	0
Accessible	splice_acceptor_variant_aloft	>5%	SAS	10	5	3	8
Accessible	splice_acceptor_variant_aloft	>5%	EUR	12	6	3	9
Accessible	splice_acceptor_variant_aloft	>5%	EAS	13	6	3	10
Accessible	splice_acceptor_variant_aloft	>5%	AMR	12	6	3	9
Accessible	splice_acceptor_variant_aloft	>5%	AFR	8	6	1	7
Accessible	splice_acceptor_variant_aloft	0.5%-5%	SAS	1	1	0	1
Accessible	splice_acceptor_variant_aloft	0.5%-5%	EUR	1	1	0	1
Accessible	splice_acceptor_variant_aloft	0.5%-5%	EAS	1	1	0	1
Accessible	splice_acceptor_variant_aloft	0.5%-5%	AMR	1	1	0	1
Accessible	splice_acceptor_variant_aloft	0.5%-5%	AFR	2	2	0	2
Accessible	splice_acceptor_variant_aloft	singleton-0.5%	SAS	1	1	0	1
Accessible	splice_acceptor_variant_aloft	singleton-0.5%	EUR	0	0	0	0
Accessible	splice_acceptor_variant_aloft	singleton-0.5%	EAS	1	1	0	1
Accessible	splice_acceptor_variant_aloft	singleton-0.5%	AMR	0	0	0	0
Accessible	splice_acceptor_variant_aloft	singleton-0.5%	AFR	1	1	0	1
Accessible	splice_acceptor_variant_aloft	singleton	SAS	0	0	0	0
Accessible	splice_acceptor_variant_aloft	singleton	EUR	0	0	0	0
Accessible	splice_acceptor_variant_aloft	singleton	EAS	0	0	0	0
Accessible	splice_acceptor_variant_aloft	singleton	AMR	0	0	0	0
Accessible	splice_acceptor_variant_aloft	singleton	AFR	0	0	0	0
Accessible	splice_donor_variant	>5%	SAS	3	2	0	2
Accessible	splice_donor_variant	>5%	EUR	3	3	0	3
Accessible	splice_donor_variant	>5%	EAS	3	2	0	3
Accessible	splice_donor_variant	>5%	AMR	3	2	0	3
Accessible	splice_donor_variant	>5%	AFR	3	2	0	3
Accessible	splice_donor_variant	0.5%-5%	SAS	0	0	0	0
Accessible	splice_donor_variant	0.5%-5%	EUR	0	0	0	0
Accessible	splice_donor_variant	0.5%-5%	EAS	0	0	0	0
Accessible	splice_donor_variant	0.5%-5%	AMR	0	0	0	0
Accessible	splice_donor_variant	0.5%-5%	AFR	0	0	0	0
Accessible	splice_donor_variant	singleton-0.5%	SAS	0	0	0	0
Accessible	splice_donor_variant	singleton-0.5%	EUR	0	0	0	0
Accessible	splice_donor_variant	singleton-0.5%	EAS	0	0	0	0
Accessible	splice_donor_variant	singleton-0.5%	AMR	0	0	0	0
Accessible	splice_donor_variant	singleton-0.5%	AFR	0	0	0	0
Accessible	splice_donor_variant	singleton	SAS	0	0	0	0
Accessible	splice_donor_variant	singleton	EUR	0	0	0	0
Accessible	splice_donor_variant	singleton	EAS	0	0	0	0
Accessible	splice_donor_variant	singleton	AMR	0	0	0	0
Accessible	splice_donor_variant	singleton	AFR	0	0	0	0
Accessible	splice_donor_variant_aloft	>5%	SAS	8	5	1	7
Accessible	splice_donor_variant_aloft	>5%	EUR	8	6	1	7
Accessible	splice_donor_variant_aloft	>5%	EAS	9	6	1	8
Accessible	splice_donor_variant_aloft	>5%	AMR	8	6	1	7
Accessible	splice_donor_variant_aloft	>5%	AFR	6	5	0	6
Accessible	splice_donor_variant_aloft	0.5%-5%	SAS	1	1	0	1
Accessible	splice_donor_variant_aloft	0.5%-5%	EUR	1	1	0	1
Accessible	splice_donor_variant_aloft	0.5%-5%	EAS	2	2	0	2
Accessible	splice_donor_variant_aloft	0.5%-5%	AMR	3	3	0	3
Accessible	splice_donor_variant_aloft	0.5%-5%	AFR	5	5	0	5
Accessible	splice_donor_variant_aloft	singleton-0.5%	SAS	1	1	0	1
Accessible	splice_donor_variant_aloft	singleton-0.5%	EUR	1	1	0	1
Accessible	splice_donor_variant_aloft	singleton-0.5%	EAS	1	1	0	1
Accessible	splice_donor_variant_aloft	singleton-0.5%	AMR	1	1	0	1
Accessible	splice_donor_variant_aloft	singleton-0.5%	AFR	2	2	0	2
Accessible	splice_donor_variant_aloft	singleton	SAS	1	1	0	1
Accessible	splice_donor_variant_aloft	singleton	EUR	1	1	0	1
Accessible	splice_donor_variant_aloft	singleton	EAS	1	1	0	1
Accessible	splice_donor_variant_aloft	singleton	AMR	1	1	0	1
Accessible	splice_donor_variant_aloft	singleton	AFR	1	1	0	1
Accessible	stop_gained	>5%	SAS	52	32	10	42
Accessible	stop_gained	>5%	EUR	52	32	10	42
Accessible	stop_gained	>5%	EAS	54	32	11	43
Accessible	stop_gained	>5%	AMR	55	33	11	44
Accessible	stop_gained	>5%	AFR	47	32	8	39
Accessible	stop_gained	0.5%-5%	SAS	5	4	0	4
Accessible	stop_gained	0.5%-5%	EUR	6	6	0	6
Accessible	stop_gained	0.5%-5%	EAS	5	5	0	5
Accessible	stop_gained	0.5%-5%	AMR	8	7	0	7
Accessible	stop_gained	0.5%-5%	AFR	16	14	0	15
Accessible	stop_gained	singleton-0.5%	SAS	4	4	0	4
Accessible	stop_gained	singleton-0.5%	EUR	4	4	0	4
Accessible	stop_gained	singleton-0.5%	EAS	4	4	0	4
Accessible	stop_gained	singleton-0.5%	AMR	4	4	0	4
Accessible	stop_gained	singleton-0.5%	AFR	7	7	0	7
Accessible	stop_gained	singleton	SAS	3	3	0	3
Accessible	stop_gained	singleton	EUR	3	3	0	3
Accessible	stop_gained	singleton	EAS	3	3	0	3
Accessible	stop_gained	singleton	AMR	3	3	0	3
Accessible	stop_gained	singleton	AFR	3	3	0	3
Accessible	stop_gained_aloft	>5%	SAS	43	26	8	35
Accessible	stop_gained_aloft	>5%	EUR	44	27	8	35
Accessible	stop_gained_aloft	>5%	EAS	45	26	9	36
Accessible	stop_gained_aloft	>5%	AMR	45	27	9	36
Accessible	stop_gained_aloft	>5%	AFR	39	25	7	32
Accessible	stop_gained_aloft	0.5%-5%	SAS	4	4	0	4
Accessible	stop_gained_aloft	0.5%-5%	EUR	5	5	0	5
Accessible	stop_gained_aloft	0.5%-5%	EAS	5	4	0	5
Accessible	stop_gained_aloft	0.5%-5%	AMR	7	6	0	6
Accessible	stop_gained_aloft	0.5%-5%	AFR	13	12	0	13
Accessible	stop_gained_aloft	singleton-0.5%	SAS	4	4	0	4
Accessible	stop_gained_aloft	singleton-0.5%	EUR	3	3	0	3
Accessible	stop_gained_aloft	singleton-0.5%	EAS	3	3	0	3
Accessible	stop_gained_aloft	singleton-0.5%	AMR	3	3	0	3
Accessible	stop_gained_aloft	singleton-0.5%	AFR	6	6	0	6
Accessible	stop_gained_aloft	singleton	SAS	2	2	0	2
Accessible	stop_gained_aloft	singleton	EUR	2	2	0	2
Accessible	stop_gained_aloft	singleton	EAS	3	3	0	3
Accessible	stop_gained_aloft	singleton	AMR	2	2	0	2
Accessible	stop_gained_aloft	singleton	AFR	3	3	0	3
Accessible	stop_lost	>5%	SAS	10	6	2	8
Accessible	stop_lost	>5%	EUR	9	6	1	7
Accessible	stop_lost	>5%	EAS	9	5	2	7
Accessible	stop_lost	>5%	AMR	9	5	2	7
Accessible	stop_lost	>5%	AFR	10	6	2	8
Accessible	stop_lost	0.5%-5%	SAS	0	0	0	0
Accessible	stop_lost	0.5%-5%	EUR	0	0	0	0
Accessible	stop_lost	0.5%-5%	EAS	0	0	0	0
Accessible	stop_lost	0.5%-5%	AMR	0	0	0	0
Accessible	stop_lost	0.5%-5%	AFR	2	2	0	2
Accessible	stop_lost	singleton-0.5%	SAS	0	0	0	0
Accessible	stop_lost	singleton-0.5%	EUR	0	0	0	0
Accessible	stop_lost	singleton-0.5%	EAS	0	0	0	0
Accessible	stop_lost	singleton-0.5%	AMR	0	0	0	0
Accessible	stop_lost	singleton-0.5%	AFR	0	0	0	0
Accessible	stop_lost	singleton	SAS	0	0	0	0
Accessible	stop_lost	singleton	EUR	0	0	0	0
Accessible	stop_lost	singleton	EAS	0	0	0	0
Accessible	stop_lost	singleton	AMR	0	0	0	0
Accessible	stop_lost	singleton	AFR	0	0	0	0
Accessible	synonymous_variant	>5%	SAS	8747	5679	1537	7209
Accessible	synonymous_variant	>5%	EUR	8609	5544	1530	7079
Accessible	synonymous_variant	>5%	EAS	8700.5	5186	1757	6941.5
Accessible	synonymous_variant	>5%	AMR	8737	5716	1509	7229
Accessible	synonymous_variant	>5%	AFR	8460	5878	1284	7169
Accessible	synonymous_variant	0.5%-5%	SAS	457	430	13	442
Accessible	synonymous_variant	0.5%-5%	EUR	501	473	13	487
Accessible	synonymous_variant	0.5%-5%	EAS	391	360	15	376
Accessible	synonymous_variant	0.5%-5%	AMR	572	541	15	555
Accessible	synonymous_variant	0.5%-5%	AFR	2050	1881	81	1967
Accessible	synonymous_variant	singleton-0.5%	SAS	244	237	3	241
Accessible	synonymous_variant	singleton-0.5%	EUR	170	166	2	168
Accessible	synonymous_variant	singleton-0.5%	EAS	204	200	1	202
Accessible	synonymous_variant	singleton-0.5%	AMR	178	175	1	176
Accessible	synonymous_variant	singleton-0.5%	AFR	476	468	3	471
Accessible	synonymous_variant	singleton	SAS	73	73	0	73
Accessible	synonymous_variant	singleton	EUR	57	57	0	57
Accessible	synonymous_variant	singleton	EAS	75	75	0	75
Accessible	synonymous_variant	singleton	AMR	63	63	0	63
Accessible	synonymous_variant	singleton	AFR	74	74	0	74
Accessible	TF_binding_site_variant	>5%	SAS	615	392	112	503
Accessible	TF_binding_site_variant	>5%	EUR	610	390	110	501
Accessible	TF_binding_site_variant	>5%	EAS	611	362	125	487
Accessible	TF_binding_site_variant	>5%	AMR	603	389	108	496
Accessible	TF_binding_site_variant	>5%	AFR	601	406	97	503
Accessible	TF_binding_site_variant	0.5%-5%	SAS	31	29	1	30
Accessible	TF_binding_site_variant	0.5%-5%	EUR	31	30	1	30
Accessible	TF_binding_site_variant	0.5%-5%	EAS	23	22	1	23
Accessible	TF_binding_site_variant	0.5%-5%	AMR	40	37	1	39
Accessible	TF_binding_site_variant	0.5%-5%	AFR	144	133	5	139
Accessible	TF_binding_site_variant	singleton-0.5%	SAS	15	15	0	15
Accessible	TF_binding_site_variant	singleton-0.5%	EUR	10	10	0	10
Accessible	TF_binding_site_variant	singleton-0.5%	EAS	13	13	0	13
Accessible	TF_binding_site_variant	singleton-0.5%	AMR	11	10	0	10
Accessible	TF_binding_site_variant	singleton-0.5%	AFR	33	32	0	32
Accessible	TF_binding_site_variant	singleton	SAS	3	3	0	3
Accessible	TF_binding_site_variant	singleton	EUR	3	3	0	3
Accessible	TF_binding_site_variant	singleton	EAS	3	3	0	3
Accessible	TF_binding_site_variant	singleton	AMR	3	3	0	3
Accessible	TF_binding_site_variant	singleton	AFR	3	3	0	3
Accessible	total_site	>5%	SAS	2270828	1445901	413461	1859008
Accessible	total_site	>5%	EUR	2234022	1410908	411265	1821861
Accessible	total_site	>5%	EAS	2257080.5	1330341	463998.5	1793576.5
Accessible	total_site	>5%	AMR	2261367	1457019	401701	1857561
Accessible	total_site	>5%	AFR	2212405	1516498	346669	1864162
Accessible	total_site	0.5%-5%	SAS	94794	88793	2844	91720
Accessible	total_site	0.5%-5%	EUR	104139	98127	2986	101103
Accessible	total_site	0.5%-5%	EAS	78710	72449.5	3108	75588
Accessible	total_site	0.5%-5%	AMR	119649	113645	3384	116473
Accessible	total_site	0.5%-5%	AFR	468929	428457	19527	448547
Accessible	total_site	singleton-0.5%	SAS	43427	41636	701	42549
Accessible	total_site	singleton-0.5%	EUR	30881	29817	493	30376
Accessible	total_site	singleton-0.5%	EAS	36535.5	35374	562	35974.5
Accessible	total_site	singleton-0.5%	AMR	32695	31199	511	31882
Accessible	total_site	singleton-0.5%	AFR	96099	93910	1106	95014
Accessible	total_site	singleton	SAS	11036	10468	284	10752
Accessible	total_site	singleton	EUR	8858	8290	284	8574
Accessible	total_site	singleton	EAS	11342.5	10774.5	284	11058.5
Accessible	total_site	singleton	AMR	9322	8754	284	9038
Accessible	total_site	singleton	AFR	11215	10647	284	10931
Accessible	unannotated_tfbs	>5%	SAS	19871	12844	3527	16361
Accessible	unannotated_tfbs	>5%	EUR	19537	12568	3486	16051
Accessible	unannotated_tfbs	>5%	EAS	19737	11770	3984.5	15751.5
Accessible	unannotated_tfbs	>5%	AMR	19827	12955	3437	16394
Accessible	unannotated_tfbs	>5%	AFR	19600	13485	3042	16539
Accessible	unannotated_tfbs	0.5%-5%	SAS	913	848	31	881
Accessible	unannotated_tfbs	0.5%-5%	EUR	986	928	29	957
Accessible	unannotated_tfbs	0.5%-5%	EAS	749	688	30	718
Accessible	unannotated_tfbs	0.5%-5%	AMR	1148	1085	33	1114
Accessible	unannotated_tfbs	0.5%-5%	AFR	4411	4036	182	4221
Accessible	unannotated_tfbs	singleton-0.5%	SAS	432	418	6	425
Accessible	unannotated_tfbs	singleton-0.5%	EUR	302	297	3	299
Accessible	unannotated_tfbs	singleton-0.5%	EAS	363	355	3	359
Accessible	unannotated_tfbs	singleton-0.5%	AMR	318	307	3	313
Accessible	unannotated_tfbs	singleton-0.5%	AFR	936	916	9	926
Accessible	unannotated_tfbs	singleton	SAS	111	107	2	109
Accessible	unannotated_tfbs	singleton	EUR	87	83	2	85
Accessible	unannotated_tfbs	singleton	EAS	116	112	2	114
Accessible	unannotated_tfbs	singleton	AMR	91	87	2	89
Accessible	unannotated_tfbs	singleton	AFR	114	110	2	112
